split,class,precision,recall,f1,support,statistical_note
validation,anthracnose,0.0,0.0,0.0,1,instável: suporte 1 ou 2
validation,black_shank,1.0,1.0,1.0,2,instável: suporte 1 ou 2
validation,brown_spot,0.8571428571428571,0.75,0.8,8,
validation,cmv,0.6,0.75,0.6666666666666666,8,
validation,frog_eye,0.875,1.0,0.9333333333333333,7,
validation,genetic_abnormality,1.0,1.0,1.0,1,instável: suporte 1 ou 2
validation,healthy,1.0,0.875,0.9333333333333333,8,
validation,nematodes,0.8571428571428571,1.0,0.9230769230769231,6,
validation,potato_tuber_moth,1.0,0.875,0.9333333333333333,8,
validation,pvy,0.4,0.4,0.4,5,
validation,sunscald,1.0,1.0,1.0,10,
validation,target_spot,0.75,0.8571428571428571,0.8,7,
validation,tmv,0.9090909090909091,1.0,0.9523809523809523,10,
validation,tswv,0.0,0.0,0.0,1,instável: suporte 1 ou 2
validation,weather_fleck,1.0,0.7777777777777778,0.875,9,
validation,wildfire,0.8571428571428571,0.9230769230769231,0.8888888888888888,13,
test,anthracnose,0.0,0.0,0.0,1,instável: suporte 1 ou 2
test,black_shank,1.0,1.0,1.0,2,instável: suporte 1 ou 2
test,brown_spot,0.625,0.7142857142857143,0.6666666666666666,7,
test,cmv,0.8,1.0,0.8888888888888888,8,
test,frog_eye,0.8571428571428571,0.75,0.8,8,
test,genetic_abnormality,1.0,1.0,1.0,1,instável: suporte 1 ou 2
test,healthy,0.875,1.0,0.9333333333333333,7,
test,nematodes,1.0,0.8333333333333334,0.9090909090909091,6,
test,potato_tuber_moth,0.875,1.0,0.9333333333333333,7,
test,pvy,1.0,0.6,0.75,5,
test,sunscald,0.875,0.7,0.7777777777777778,10,
test,target_spot,0.8333333333333334,0.625,0.7142857142857143,8,
test,tmv,0.8181818181818182,0.9,0.8571428571428571,10,
test,tswv,0.0,0.0,0.0,1,instável: suporte 1 ou 2
test,weather_fleck,0.8181818181818182,1.0,0.9,9,
test,wildfire,0.8,0.9230769230769231,0.8571428571428571,13,
