model_id,model,method,parameters,selected_epoch,selected_stage,epochs_executed,temperature,threshold,checkpoint_mib,export_status,export_error,test_used_for_selection,validation_top1_accuracy,validation_macro_f1,validation_top3_accuracy,test_top1_accuracy,test_macro_f1,test_top3_accuracy,test_coverage,test_accepted_accuracy,bytes,desktop_tflite_ms_median,desktop_tflite_ms_p95,desktop_python_pipeline_ms_median,desktop_python_pipeline_ms_p95,tflite_mib
fastvit_t8_supervised,fastvit_t8,supervised,3269536,0,initial_probe,8,0.8863101717811416,0.29426154494285583,12.630081176757812,completed,,False,0.9134615384615384,0.8133159184726522,0.9807692307692307,0.7669902912621359,0.6605093369133683,0.9514563106796117,0.9902912621359223,0.7745098039215687,13056016,14.408805500352173,14.901716100939666,17.78636400013056,18.818896250377293,12.451187133789062
fastvit_t8_distilled,fastvit_t8,distilled,3269536,0,initial_probe,8,0.8863101717811416,0.29426154494285583,12.630081176757812,completed,,False,0.9134615384615384,0.8133159184726522,0.9807692307692307,0.7669902912621359,0.6605093369133683,0.9514563106796117,0.9902912621359223,0.7745098039215687,13056016,14.584275499146315,15.685498751190607,18.259776999911992,19.372667650532094,12.451187133789062
mobilenetv4_small_distilled,mobilenetv4_small,distilled,2513520,15,finetune,18,1.8882043703807203,0.5066758394241333,9.711448669433594,completed,,False,0.8653846153846154,0.7895755069028726,0.9615384615384616,0.8543689320388349,0.8082924836601307,0.970873786407767,0.8737864077669902,0.9,10167768,2.112288499120041,2.2001218514560605,3.629066000939929,3.9133582495196606,9.696739196777344
mobilenetv3_small_supervised,mobilenetv3_small,supervised,1534256,9,finetune,14,1.483912673588269,0.5974894762039185,5.921775817871094,completed,,False,0.875,0.7834390231371655,0.9807692307692307,0.8155339805825242,0.7227430555555555,0.9902912621359223,0.8543689320388349,0.8863636363636364,6287952,0.9251950014004251,0.9828679010752239,2.0999779990233947,2.393501949882193,5.9966583251953125
mobilenetv3_small_distilled,mobilenetv3_small,distilled,1534256,11,finetune,16,1.9861162980830906,0.6776305437088013,5.921775817871094,completed,,False,0.8557692307692307,0.7749907601929661,0.9711538461538461,0.8252427184466019,0.7236539502164502,1.0,0.8058252427184466,0.927710843373494,6287952,0.9464875001867767,1.0093167982631712,2.1517549994314322,2.3309653501200955,5.9966583251953125
efficientvit_m3_supervised,efficientvit_m3,supervised,6584218,14,finetune,18,1.8169426869214051,0.8476637601852417,25.37767791748047,completed,,False,0.8365384615384616,0.7632686247575953,0.9807692307692307,0.8058252427184466,0.718332886616989,0.9611650485436893,0.5145631067961165,0.9245283018867925,27048896,3.7946474985801615,4.064457098866114,5.45759400120005,5.740360450727167,25.79583740234375
efficientvit_m3_distilled,efficientvit_m3,distilled,6584218,8,finetune,13,1.9474863485753777,0.61021888256073,25.37767791748047,completed,,False,0.8461538461538461,0.7553243896626249,0.9711538461538461,0.8155339805825242,0.6699187488709548,0.9805825242718447,0.7961165048543689,0.8902439024390244,27048896,3.7824859991815174,4.039914100758324,5.484260000230279,5.847896799059526,25.79583740234375
mobilenetv4_small_supervised,mobilenetv4_small,supervised,2513520,3,head_warmup,8,1.1304565254049959,0.6804232597351074,9.711448669433594,completed,,False,0.8557692307692307,0.7550355668583223,0.9423076923076923,0.8252427184466019,0.7153769841269841,0.9611650485436893,0.7669902912621359,0.9240506329113924,10167768,2.050014501946862,2.193819501735561,3.4820450000552228,3.950827498738363,9.696739196777344
efficientvit_m2_supervised,efficientvit_m2,supervised,3965706,8,finetune,13,1.5671206868725376,0.798987865447998,15.338600158691406,completed,,False,0.8076923076923077,0.7246409292461924,0.9711538461538461,0.8252427184466019,0.7891754272559226,0.9514563106796117,0.6699029126213593,0.9130434782608695,16448836,2.8779035001207376,3.133823200732877,4.500533501413884,4.955681552200986,15.686832427978516
efficientvit_m2_distilled,efficientvit_m2,distilled,3965706,11,finetune,16,2.0496081773582677,0.7656140327453613,15.338600158691406,completed,,False,0.7884615384615384,0.7170751767526232,0.9711538461538461,0.7961165048543689,0.6754231346942345,0.9514563106796117,0.6796116504854369,0.9142857142857143,16448836,2.9462450002029072,3.1808968000405,4.619048999302322,5.364705751526344,15.686832427978516
