file,class_id,class_slug,class_pt,source,source_figure,article_url,doi,authors,license,license_url,change,geography,sha256
"images/01_wildfire_pseudomonas/agronomy_wildfire.jpg","01","01_wildfire_pseudomonas","Mancha bacteriana por Pseudomonas syringae pv. tabaci","Semantic Segmentation of Small Target Diseases on Tobacco Leaves","Figure 1","https://www.mdpi.com/2073-4395/15/8/1825","10.3390/agronomy15081825","Yanze Zou; Zhenping Qiang; Shuang Zhang; Hong Lin","CC BY 4.0","https://creativecommons.org/licenses/by/4.0/","Crop from published figure; labels removed","China","00599a20e461ccb630e11df3d7935c5596d22267fe6d128c6efd1e9daec4798c"
"images/01_wildfire_pseudomonas/agronomy_wildfire_segmentation_source.jpg","01","01_wildfire_pseudomonas","Mancha bacteriana por Pseudomonas syringae pv. tabaci","Semantic Segmentation of Small Target Diseases on Tobacco Leaves","Figure 28","https://www.mdpi.com/2073-4395/15/8/1825","10.3390/agronomy15081825","Yanze Zou; Zhenping Qiang; Shuang Zhang; Hong Lin","CC BY 4.0","https://creativecommons.org/licenses/by/4.0/","Crop from published figure; labels removed","China","e34199eb5297aa21696b36ab86c99a2f76d8aa7b7c2f02fc8a37835aed9fdced"
"images/01_wildfire_pseudomonas/tla_processed_01_wildfire_pseudomonas.jpg","01","01_wildfire_pseudomonas","Mancha bacteriana por Pseudomonas syringae pv. tabaci","TLA — Tobacco Leaf Abnormality Dataset","Figure 5","https://www.frontiersin.org/journals/plant-science/articles/10.3389/fpls.2024.1333236/full","10.3389/fpls.2024.1333236","Hong Lin; Zhenping Qiang; Rita Tse; Su-Kit Tang; Giovanni Pau","CC BY 4.0","https://creativecommons.org/licenses/by/4.0/","Crop from published figure; labels removed","China","5674c6f46ab5cf6f75401e9699fd82dfb4debabfa5d4a7015fbf3bb330d22bb2"
"images/01_wildfire_pseudomonas/tla_raw_01_wildfire_pseudomonas.jpg","01","01_wildfire_pseudomonas","Mancha bacteriana por Pseudomonas syringae pv. tabaci","TLA — Tobacco Leaf Abnormality Dataset","Figure 4","https://www.frontiersin.org/journals/plant-science/articles/10.3389/fpls.2024.1333236/full","10.3389/fpls.2024.1333236","Hong Lin; Zhenping Qiang; Rita Tse; Su-Kit Tang; Giovanni Pau","CC BY 4.0","https://creativecommons.org/licenses/by/4.0/","Crop from published figure; labels removed","China","381e176a3302f951f7c8b439946ea88075c66d7ae680dd99790a9db7a3bb4598"
"images/01_wildfire_pseudomonas/tla_wildfire_symptom_1.jpg","01","01_wildfire_pseudomonas","Mancha bacteriana por Pseudomonas syringae pv. tabaci","TLA — Tobacco Leaf Abnormality Dataset","Figure 11","https://www.frontiersin.org/journals/plant-science/articles/10.3389/fpls.2024.1333236/full","10.3389/fpls.2024.1333236","Hong Lin; Zhenping Qiang; Rita Tse; Su-Kit Tang; Giovanni Pau","CC BY 4.0","https://creativecommons.org/licenses/by/4.0/","Crop from published figure; labels removed","China","22dddd572d9431c4f4fd4ce6250ad2fbaca1ec096c8e65c034bcae44418c4ce5"
"images/01_wildfire_pseudomonas/tla_wildfire_symptom_2.jpg","01","01_wildfire_pseudomonas","Mancha bacteriana por Pseudomonas syringae pv. tabaci","TLA — Tobacco Leaf Abnormality Dataset","Figure 11","https://www.frontiersin.org/journals/plant-science/articles/10.3389/fpls.2024.1333236/full","10.3389/fpls.2024.1333236","Hong Lin; Zhenping Qiang; Rita Tse; Su-Kit Tang; Giovanni Pau","CC BY 4.0","https://creativecommons.org/licenses/by/4.0/","Crop from published figure; labels removed","China","834d7505353ee4e5700069692277fd7d753f7adf63402539773bd7809ea940dc"
"images/01_wildfire_pseudomonas/tla_wildfire_symptom_3.jpg","01","01_wildfire_pseudomonas","Mancha bacteriana por Pseudomonas syringae pv. tabaci","TLA — Tobacco Leaf Abnormality Dataset","Figure 11","https://www.frontiersin.org/journals/plant-science/articles/10.3389/fpls.2024.1333236/full","10.3389/fpls.2024.1333236","Hong Lin; Zhenping Qiang; Rita Tse; Su-Kit Tang; Giovanni Pau","CC BY 4.0","https://creativecommons.org/licenses/by/4.0/","Crop from published figure; labels removed","China","588f7d24df13dffe409ef5dc403e68dfc75bd76dc24bdf3098ddc8465a2aaecc"
"images/01_wildfire_pseudomonas/tla_wildfire_symptom_4.jpg","01","01_wildfire_pseudomonas","Mancha bacteriana por Pseudomonas syringae pv. tabaci","TLA — Tobacco Leaf Abnormality Dataset","Figure 11","https://www.frontiersin.org/journals/plant-science/articles/10.3389/fpls.2024.1333236/full","10.3389/fpls.2024.1333236","Hong Lin; Zhenping Qiang; Rita Tse; Su-Kit Tang; Giovanni Pau","CC BY 4.0","https://creativecommons.org/licenses/by/4.0/","Crop from published figure; labels removed","China","ac46971b104cf4403cc6a4568ec80d5b23c8e98267692341c8a124430793ba2a"
"images/01_wildfire_pseudomonas/tla_wildfire_symptom_5.jpg","01","01_wildfire_pseudomonas","Mancha bacteriana por Pseudomonas syringae pv. tabaci","TLA — Tobacco Leaf Abnormality Dataset","Figure 11","https://www.frontiersin.org/journals/plant-science/articles/10.3389/fpls.2024.1333236/full","10.3389/fpls.2024.1333236","Hong Lin; Zhenping Qiang; Rita Tse; Su-Kit Tang; Giovanni Pau","CC BY 4.0","https://creativecommons.org/licenses/by/4.0/","Crop from published figure; labels removed","China","310b02ccaaeb57d5206f4a36f7ff58515620f4dfcf51fe4178a0c82b3632c2ee"
"images/02_brown_spot_alternaria/tla_processed_02_brown_spot_alternaria.jpg","02","02_brown_spot_alternaria","Mancha de alternária","TLA — Tobacco Leaf Abnormality Dataset","Figure 5","https://www.frontiersin.org/journals/plant-science/articles/10.3389/fpls.2024.1333236/full","10.3389/fpls.2024.1333236","Hong Lin; Zhenping Qiang; Rita Tse; Su-Kit Tang; Giovanni Pau","CC BY 4.0","https://creativecommons.org/licenses/by/4.0/","Crop from published figure; labels removed","China","6df69d9fec7d8b1c47fb78348fa173bca2de80c68ee62f0061deae84f9ff76ca"
"images/02_brown_spot_alternaria/tla_raw_02_brown_spot_alternaria.jpg","02","02_brown_spot_alternaria","Mancha de alternária","TLA — Tobacco Leaf Abnormality Dataset","Figure 4","https://www.frontiersin.org/journals/plant-science/articles/10.3389/fpls.2024.1333236/full","10.3389/fpls.2024.1333236","Hong Lin; Zhenping Qiang; Rita Tse; Su-Kit Tang; Giovanni Pau","CC BY 4.0","https://creativecommons.org/licenses/by/4.0/","Crop from published figure; labels removed","China","37272aea6d05494ef0768a3ecc8f833c0c55f4d13594ac1a8aff0a37e53a131e"
"images/03_frog_eye_cercospora/agronomy_frog_eye.jpg","03","03_frog_eye_cercospora","Mancha olho-de-rã por Cercospora nicotianae","Semantic Segmentation of Small Target Diseases on Tobacco Leaves","Figure 1","https://www.mdpi.com/2073-4395/15/8/1825","10.3390/agronomy15081825","Yanze Zou; Zhenping Qiang; Shuang Zhang; Hong Lin","CC BY 4.0","https://creativecommons.org/licenses/by/4.0/","Crop from published figure; labels removed","China","d8346eb0fceaf65de67dc2d08a50277374932b3eec6b343f503d13ce8696a40a"
"images/03_frog_eye_cercospora/agronomy_frog_eye_segmentation_source.jpg","03","03_frog_eye_cercospora","Mancha olho-de-rã por Cercospora nicotianae","Semantic Segmentation of Small Target Diseases on Tobacco Leaves","Figure 26","https://www.mdpi.com/2073-4395/15/8/1825","10.3390/agronomy15081825","Yanze Zou; Zhenping Qiang; Shuang Zhang; Hong Lin","CC BY 4.0","https://creativecommons.org/licenses/by/4.0/","Crop from published figure; labels removed","China","3445c77c7ee49f449fc057ee304d84e67891a86da9d7a6927b76eb7e6b65bc9a"
"images/03_frog_eye_cercospora/tla_processed_03_frog_eye_cercospora.jpg","03","03_frog_eye_cercospora","Mancha olho-de-rã por Cercospora nicotianae","TLA — Tobacco Leaf Abnormality Dataset","Figure 5","https://www.frontiersin.org/journals/plant-science/articles/10.3389/fpls.2024.1333236/full","10.3389/fpls.2024.1333236","Hong Lin; Zhenping Qiang; Rita Tse; Su-Kit Tang; Giovanni Pau","CC BY 4.0","https://creativecommons.org/licenses/by/4.0/","Crop from published figure; labels removed","China","01d6b47a5a8169f19f8591ddd144a8157a9af6ae7a241413e4ccc9b0a4a4b9da"
"images/03_frog_eye_cercospora/tla_raw_03_frog_eye_cercospora.jpg","03","03_frog_eye_cercospora","Mancha olho-de-rã por Cercospora nicotianae","TLA — Tobacco Leaf Abnormality Dataset","Figure 4","https://www.frontiersin.org/journals/plant-science/articles/10.3389/fpls.2024.1333236/full","10.3389/fpls.2024.1333236","Hong Lin; Zhenping Qiang; Rita Tse; Su-Kit Tang; Giovanni Pau","CC BY 4.0","https://creativecommons.org/licenses/by/4.0/","Crop from published figure; labels removed","China","5f4357a3f71c46a3cf52815ed2363351ca386d6f438845904c209174da6c9341"
"images/04_anthracnose/tla_processed_04_anthracnose.jpg","04","04_anthracnose","Antracnose do tabaco","TLA — Tobacco Leaf Abnormality Dataset","Figure 5","https://www.frontiersin.org/journals/plant-science/articles/10.3389/fpls.2024.1333236/full","10.3389/fpls.2024.1333236","Hong Lin; Zhenping Qiang; Rita Tse; Su-Kit Tang; Giovanni Pau","CC BY 4.0","https://creativecommons.org/licenses/by/4.0/","Crop from published figure; labels removed","China","6f74e4506b1fb506d509574f070a21af7f5c5343c48a51ceed7320c0e3ba1ac6"
"images/04_anthracnose/tla_raw_04_anthracnose.jpg","04","04_anthracnose","Antracnose do tabaco","TLA — Tobacco Leaf Abnormality Dataset","Figure 4","https://www.frontiersin.org/journals/plant-science/articles/10.3389/fpls.2024.1333236/full","10.3389/fpls.2024.1333236","Hong Lin; Zhenping Qiang; Rita Tse; Su-Kit Tang; Giovanni Pau","CC BY 4.0","https://creativecommons.org/licenses/by/4.0/","Crop from published figure; labels removed","China","63f4d2e789ec8d8ad87731b69ca827a661bf9741f1d46503cd9df616ce032238"
"images/05_target_spot/tla_processed_05_target_spot.jpg","05","05_target_spot","Mancha-alvo","TLA — Tobacco Leaf Abnormality Dataset","Figure 5","https://www.frontiersin.org/journals/plant-science/articles/10.3389/fpls.2024.1333236/full","10.3389/fpls.2024.1333236","Hong Lin; Zhenping Qiang; Rita Tse; Su-Kit Tang; Giovanni Pau","CC BY 4.0","https://creativecommons.org/licenses/by/4.0/","Crop from published figure; labels removed","China","b0c9e1fe78d3f1c4035186ab602881394a8bf652d0baf754d3f68200c43ad5ce"
"images/05_target_spot/tla_raw_05_target_spot.jpg","05","05_target_spot","Mancha-alvo","TLA — Tobacco Leaf Abnormality Dataset","Figure 4","https://www.frontiersin.org/journals/plant-science/articles/10.3389/fpls.2024.1333236/full","10.3389/fpls.2024.1333236","Hong Lin; Zhenping Qiang; Rita Tse; Su-Kit Tang; Giovanni Pau","CC BY 4.0","https://creativecommons.org/licenses/by/4.0/","Crop from published figure; labels removed","China","457ddeb04efdefa2757c1747aea09f7648f4ef04c9ec6314b50f98dcaad7c086"
"images/06_black_shank/tla_processed_06_black_shank.jpg","06","06_black_shank","Podridão-negra-do-pé por Phytophthora nicotianae","TLA — Tobacco Leaf Abnormality Dataset","Figure 5","https://www.frontiersin.org/journals/plant-science/articles/10.3389/fpls.2024.1333236/full","10.3389/fpls.2024.1333236","Hong Lin; Zhenping Qiang; Rita Tse; Su-Kit Tang; Giovanni Pau","CC BY 4.0","https://creativecommons.org/licenses/by/4.0/","Crop from published figure; labels removed","China","b8cbd9518a5058be0355f186f6d6efc6c8f1e605a5fa0c4d679ef95ad686db7f"
"images/06_black_shank/tla_raw_06_black_shank.jpg","06","06_black_shank","Podridão-negra-do-pé por Phytophthora nicotianae","TLA — Tobacco Leaf Abnormality Dataset","Figure 4","https://www.frontiersin.org/journals/plant-science/articles/10.3389/fpls.2024.1333236/full","10.3389/fpls.2024.1333236","Hong Lin; Zhenping Qiang; Rita Tse; Su-Kit Tang; Giovanni Pau","CC BY 4.0","https://creativecommons.org/licenses/by/4.0/","Crop from published figure; labels removed","China","69c03c447df4620f7aea3d95f0ae4ff471be3eac0caa481785e0a8bf597c0c35"
"images/07_tmv/tla_processed_07_tmv.jpg","07","07_tmv","Mosaico do tabaco (TMV)","TLA — Tobacco Leaf Abnormality Dataset","Figure 5","https://www.frontiersin.org/journals/plant-science/articles/10.3389/fpls.2024.1333236/full","10.3389/fpls.2024.1333236","Hong Lin; Zhenping Qiang; Rita Tse; Su-Kit Tang; Giovanni Pau","CC BY 4.0","https://creativecommons.org/licenses/by/4.0/","Crop from published figure; labels removed","China","e6e073e901af537d3f97f80c4477f226e911f7e30dc53c19993d83bed4d65fc6"
"images/07_tmv/tla_raw_07_tmv.jpg","07","07_tmv","Mosaico do tabaco (TMV)","TLA — Tobacco Leaf Abnormality Dataset","Figure 4","https://www.frontiersin.org/journals/plant-science/articles/10.3389/fpls.2024.1333236/full","10.3389/fpls.2024.1333236","Hong Lin; Zhenping Qiang; Rita Tse; Su-Kit Tang; Giovanni Pau","CC BY 4.0","https://creativecommons.org/licenses/by/4.0/","Crop from published figure; labels removed","China","70be860ae983d4aa45e9cdfab512934069ad566c67db9502f6b12ff72e43c3d5"
"images/08_cmv/tla_processed_08_cmv.jpg","08","08_cmv","Mosaico do pepino em tabaco (CMV)","TLA — Tobacco Leaf Abnormality Dataset","Figure 5","https://www.frontiersin.org/journals/plant-science/articles/10.3389/fpls.2024.1333236/full","10.3389/fpls.2024.1333236","Hong Lin; Zhenping Qiang; Rita Tse; Su-Kit Tang; Giovanni Pau","CC BY 4.0","https://creativecommons.org/licenses/by/4.0/","Crop from published figure; labels removed","China","7b5878c6225006695819ffd6178c09f1e4b1f5c54831e16f4dc42999eb363d86"
"images/08_cmv/tla_raw_08_cmv.jpg","08","08_cmv","Mosaico do pepino em tabaco (CMV)","TLA — Tobacco Leaf Abnormality Dataset","Figure 4","https://www.frontiersin.org/journals/plant-science/articles/10.3389/fpls.2024.1333236/full","10.3389/fpls.2024.1333236","Hong Lin; Zhenping Qiang; Rita Tse; Su-Kit Tang; Giovanni Pau","CC BY 4.0","https://creativecommons.org/licenses/by/4.0/","Crop from published figure; labels removed","China","f72492a8e92a3357fd9cc03bf03ed839f5e27a78fe93b92dcec7b9e60548a053"
"images/09_pvy/tla_processed_09_pvy.jpg","09","09_pvy","Vírus Y da batata em tabaco (PVY)","TLA — Tobacco Leaf Abnormality Dataset","Figure 5","https://www.frontiersin.org/journals/plant-science/articles/10.3389/fpls.2024.1333236/full","10.3389/fpls.2024.1333236","Hong Lin; Zhenping Qiang; Rita Tse; Su-Kit Tang; Giovanni Pau","CC BY 4.0","https://creativecommons.org/licenses/by/4.0/","Crop from published figure; labels removed","China","a4d211962bc4a84ffd3d8175147a902fc56923cbd7db11a0e56caef2ecbc28ee"
"images/09_pvy/tla_raw_09_pvy.jpg","09","09_pvy","Vírus Y da batata em tabaco (PVY)","TLA — Tobacco Leaf Abnormality Dataset","Figure 4","https://www.frontiersin.org/journals/plant-science/articles/10.3389/fpls.2024.1333236/full","10.3389/fpls.2024.1333236","Hong Lin; Zhenping Qiang; Rita Tse; Su-Kit Tang; Giovanni Pau","CC BY 4.0","https://creativecommons.org/licenses/by/4.0/","Crop from published figure; labels removed","China","92526dbbcdfc3dfac200e0485c748ca16ab070981fb1ff1a0d8b30e11c83e2e1"
"images/10_tswv/tla_processed_10_tswv.jpg","10","10_tswv","Vira-cabeça por TSWV","TLA — Tobacco Leaf Abnormality Dataset","Figure 5","https://www.frontiersin.org/journals/plant-science/articles/10.3389/fpls.2024.1333236/full","10.3389/fpls.2024.1333236","Hong Lin; Zhenping Qiang; Rita Tse; Su-Kit Tang; Giovanni Pau","CC BY 4.0","https://creativecommons.org/licenses/by/4.0/","Crop from published figure; labels removed","China","081fed7be765e1938d7d5503c1403041afdfa82bff721a7ae4a74386e49d5d21"
"images/10_tswv/tla_raw_10_tswv.jpg","10","10_tswv","Vira-cabeça por TSWV","TLA — Tobacco Leaf Abnormality Dataset","Figure 4","https://www.frontiersin.org/journals/plant-science/articles/10.3389/fpls.2024.1333236/full","10.3389/fpls.2024.1333236","Hong Lin; Zhenping Qiang; Rita Tse; Su-Kit Tang; Giovanni Pau","CC BY 4.0","https://creativecommons.org/licenses/by/4.0/","Crop from published figure; labels removed","China","032f62d8ca2baa831b722f8e09bc494b1364db02dcbd85732bed7c31fc378847"
"images/11_weather_fleck/agronomy_weather_fleck.jpg","11","11_weather_fleck","Pontuações associadas à poluição/ozônio","Semantic Segmentation of Small Target Diseases on Tobacco Leaves","Figure 1","https://www.mdpi.com/2073-4395/15/8/1825","10.3390/agronomy15081825","Yanze Zou; Zhenping Qiang; Shuang Zhang; Hong Lin","CC BY 4.0","https://creativecommons.org/licenses/by/4.0/","Crop from published figure; labels removed","China","329174fd9a0dbd38e40c30f38d47d50831c4dd80a5f4e9bc0033a88fd961bd35"
"images/11_weather_fleck/agronomy_weather_fleck_segmentation_source.jpg","11","11_weather_fleck","Pontuações associadas à poluição/ozônio","Semantic Segmentation of Small Target Diseases on Tobacco Leaves","Figure 27","https://www.mdpi.com/2073-4395/15/8/1825","10.3390/agronomy15081825","Yanze Zou; Zhenping Qiang; Shuang Zhang; Hong Lin","CC BY 4.0","https://creativecommons.org/licenses/by/4.0/","Crop from published figure; labels removed","China","2322150098ab0b5cf73214549f2ac66eade64ed6f108efa93ff024e20e8cc395"
"images/11_weather_fleck/tla_processed_11_weather_fleck.jpg","11","11_weather_fleck","Pontuações associadas à poluição/ozônio","TLA — Tobacco Leaf Abnormality Dataset","Figure 5","https://www.frontiersin.org/journals/plant-science/articles/10.3389/fpls.2024.1333236/full","10.3389/fpls.2024.1333236","Hong Lin; Zhenping Qiang; Rita Tse; Su-Kit Tang; Giovanni Pau","CC BY 4.0","https://creativecommons.org/licenses/by/4.0/","Crop from published figure; labels removed","China","799b7ae65807bff7091680d534f8dae9434b6c8062f012be2a7e186c67af0d3f"
"images/11_weather_fleck/tla_raw_11_weather_fleck.jpg","11","11_weather_fleck","Pontuações associadas à poluição/ozônio","TLA — Tobacco Leaf Abnormality Dataset","Figure 4","https://www.frontiersin.org/journals/plant-science/articles/10.3389/fpls.2024.1333236/full","10.3389/fpls.2024.1333236","Hong Lin; Zhenping Qiang; Rita Tse; Su-Kit Tang; Giovanni Pau","CC BY 4.0","https://creativecommons.org/licenses/by/4.0/","Crop from published figure; labels removed","China","b322aa78a6193db0b59a654a2a049e52ba73eb36f15f6b9ede0865545bf39a55"
"images/12_sunscald/tla_processed_12_sunscald.jpg","12","12_sunscald","Escaldadura ou queimadura solar","TLA — Tobacco Leaf Abnormality Dataset","Figure 5","https://www.frontiersin.org/journals/plant-science/articles/10.3389/fpls.2024.1333236/full","10.3389/fpls.2024.1333236","Hong Lin; Zhenping Qiang; Rita Tse; Su-Kit Tang; Giovanni Pau","CC BY 4.0","https://creativecommons.org/licenses/by/4.0/","Crop from published figure; labels removed","China","49b6a69f514e0e1ece7ead1cb26998263862576f6280077f4517e1ba9726e9c0"
"images/12_sunscald/tla_raw_12_sunscald.jpg","12","12_sunscald","Escaldadura ou queimadura solar","TLA — Tobacco Leaf Abnormality Dataset","Figure 4","https://www.frontiersin.org/journals/plant-science/articles/10.3389/fpls.2024.1333236/full","10.3389/fpls.2024.1333236","Hong Lin; Zhenping Qiang; Rita Tse; Su-Kit Tang; Giovanni Pau","CC BY 4.0","https://creativecommons.org/licenses/by/4.0/","Crop from published figure; labels removed","China","63173a49717a08918c00157dbfe8acde5369067e77bdf7c74329e274bca68d08"
"images/13_genetic_abnormality/tla_processed_13_genetic_abnormality.jpg","13","13_genetic_abnormality","Anormalidade genética","TLA — Tobacco Leaf Abnormality Dataset","Figure 5","https://www.frontiersin.org/journals/plant-science/articles/10.3389/fpls.2024.1333236/full","10.3389/fpls.2024.1333236","Hong Lin; Zhenping Qiang; Rita Tse; Su-Kit Tang; Giovanni Pau","CC BY 4.0","https://creativecommons.org/licenses/by/4.0/","Crop from published figure; labels removed","China","0bc90c617442a557123f4fe22b1a8d6f83168e4c7405356316a126c1dcdd2473"
"images/13_genetic_abnormality/tla_raw_13_genetic_abnormality.jpg","13","13_genetic_abnormality","Anormalidade genética","TLA — Tobacco Leaf Abnormality Dataset","Figure 4","https://www.frontiersin.org/journals/plant-science/articles/10.3389/fpls.2024.1333236/full","10.3389/fpls.2024.1333236","Hong Lin; Zhenping Qiang; Rita Tse; Su-Kit Tang; Giovanni Pau","CC BY 4.0","https://creativecommons.org/licenses/by/4.0/","Crop from published figure; labels removed","China","cecc6c512a0a0d058373a9a693003ff120972d9b50127fd53ae3a5bf143cf304"
"images/14_phthorimaea_damage/tla_processed_14_phthorimaea_damage.jpg","14","14_phthorimaea_damage","Dano atribuído a Phthorimaea operculella","TLA — Tobacco Leaf Abnormality Dataset","Figure 5","https://www.frontiersin.org/journals/plant-science/articles/10.3389/fpls.2024.1333236/full","10.3389/fpls.2024.1333236","Hong Lin; Zhenping Qiang; Rita Tse; Su-Kit Tang; Giovanni Pau","CC BY 4.0","https://creativecommons.org/licenses/by/4.0/","Crop from published figure; labels removed","China","b8e73e2c151624000c763bddd9aec155b8a5ffe7f640f4a0d2c94481e2db1df6"
"images/14_phthorimaea_damage/tla_raw_14_phthorimaea_damage.jpg","14","14_phthorimaea_damage","Dano atribuído a Phthorimaea operculella","TLA — Tobacco Leaf Abnormality Dataset","Figure 4","https://www.frontiersin.org/journals/plant-science/articles/10.3389/fpls.2024.1333236/full","10.3389/fpls.2024.1333236","Hong Lin; Zhenping Qiang; Rita Tse; Su-Kit Tang; Giovanni Pau","CC BY 4.0","https://creativecommons.org/licenses/by/4.0/","Crop from published figure; labels removed","China","cf0dd2c81c696c2939113274bc1a5b372269a2b88dd142bbb0195807e47b7115"
"images/15_nematode_damage/tla_processed_15_nematode_damage.jpg","15","15_nematode_damage","Sintomas associados a nematoides","TLA — Tobacco Leaf Abnormality Dataset","Figure 5","https://www.frontiersin.org/journals/plant-science/articles/10.3389/fpls.2024.1333236/full","10.3389/fpls.2024.1333236","Hong Lin; Zhenping Qiang; Rita Tse; Su-Kit Tang; Giovanni Pau","CC BY 4.0","https://creativecommons.org/licenses/by/4.0/","Crop from published figure; labels removed","China","afc9d700bab8a9113ec7de4f3df3bbe18e95f1b969afc68656d703092a3a9151"
"images/15_nematode_damage/tla_raw_15_nematode_damage.jpg","15","15_nematode_damage","Sintomas associados a nematoides","TLA — Tobacco Leaf Abnormality Dataset","Figure 4","https://www.frontiersin.org/journals/plant-science/articles/10.3389/fpls.2024.1333236/full","10.3389/fpls.2024.1333236","Hong Lin; Zhenping Qiang; Rita Tse; Su-Kit Tang; Giovanni Pau","CC BY 4.0","https://creativecommons.org/licenses/by/4.0/","Crop from published figure; labels removed","China","9cd311faed324cd943779c00d9c1af1b91fdfd76646f49910bf7edbd76c4ca4b"
"images/16_healthy/tla_processed_16_healthy.jpg","16","16_healthy","Folha saudável","TLA — Tobacco Leaf Abnormality Dataset","Figure 5","https://www.frontiersin.org/journals/plant-science/articles/10.3389/fpls.2024.1333236/full","10.3389/fpls.2024.1333236","Hong Lin; Zhenping Qiang; Rita Tse; Su-Kit Tang; Giovanni Pau","CC BY 4.0","https://creativecommons.org/licenses/by/4.0/","Crop from published figure; labels removed","China","5aefe22665c6f6050d5e7db9f51a97e774ce7a56217524cb551041e91894c36b"
"images/16_healthy/tla_raw_16_healthy.jpg","16","16_healthy","Folha saudável","TLA — Tobacco Leaf Abnormality Dataset","Figure 4","https://www.frontiersin.org/journals/plant-science/articles/10.3389/fpls.2024.1333236/full","10.3389/fpls.2024.1333236","Hong Lin; Zhenping Qiang; Rita Tse; Su-Kit Tang; Giovanni Pau","CC BY 4.0","https://creativecommons.org/licenses/by/4.0/","Crop from published figure; labels removed","China","c37209902c713396e4628b11a44e543dc0325eaf5c9e8f55caddb48b9934dabc"
