path,group_id
wildfire/IMG_0035.JPG,wildfire_0035
wildfire/IMG_0036.JPG,wildfire_0036
wildfire/IMG_0037.JPG,wildfire_0037
wildfire/IMG_0038.JPG,wildfire_0038
wildfire/IMG_0042.JPG,wildfire_0042
wildfire/IMG_0068.JPG,wildfire_0068
wildfire/IMG_0119.JPG,wildfire_0119
wildfire/IMG_0121.JPG,wildfire_0121
wildfire/IMG_0124.JPG,wildfire_0124
wildfire/IMG_0197.JPG,wildfire_0197
wildfire/IMG_0198.JPG,wildfire_0198
wildfire/IMG_0199.JPG,wildfire_0199
wildfire/IMG_0200.JPG,wildfire_0200
wildfire/IMG_0202.JPG,wildfire_0202
wildfire/IMG_0325.JPG,wildfire_0325
wildfire/IMG_0326.JPG,wildfire_0326
wildfire/IMG_0361.JPG,wildfire_0361
wildfire/IMG_0362.JPG,wildfire_0362
wildfire/IMG_0365.JPG,wildfire_0365
wildfire/IMG_0367.JPG,wildfire_0367
wildfire/IMG_0368.JPG,wildfire_0368
wildfire/IMG_0397.JPG,wildfire_0397
wildfire/IMG_0407.JPG,wildfire_0407
wildfire/IMG_0769.JPG,wildfire_0769
wildfire/IMG_0917.JPG,wildfire_0917
wildfire/IMG_0918.JPG,wildfire_0918
wildfire/IMG_0919.JPG,wildfire_0919
wildfire/IMG_0923.JPG,wildfire_0923
wildfire/IMG_2258.JPG,wildfire_2258
wildfire/IMG_5033.JPG,wildfire_5033
wildfire/IMG_5034.JPG,wildfire_5034
wildfire/IMG_6087.JPG,wildfire_6087
wildfire/IMG_6467.JPG,wildfire_6467
wildfire/IMG_6516.JPG,wildfire_6516
wildfire/IMG_6746.JPG,wildfire_6746
wildfire/IMG_6760.JPG,wildfire_6760
wildfire/IMG_6900.JPG,wildfire_6900
wildfire/IMG_8204.JPG,wildfire_8204
wildfire/IMG_8205.JPG,wildfire_8205
wildfire/IMG_8207.JPG,wildfire_8207
wildfire/IMG_8410.JPG,wildfire_8410
wildfire/IMG_8628.JPG,wildfire_8628
wildfire/IMG_8782.JPG,wildfire_8782
wildfire/IMG_8784.JPG,wildfire_8784
wildfire/IMG_8790.JPG,wildfire_8790
wildfire/IMG_8799.JPG,wildfire_8799
wildfire/IMG_8800.JPG,wildfire_8800
wildfire/IMG_8801.JPG,wildfire_8801
wildfire/IMG_8803.JPG,wildfire_8803
wildfire/IMG_8807.JPG,wildfire_8807
wildfire/IMG_8808.JPG,wildfire_8808
wildfire/IMG_8810.JPG,wildfire_8810
wildfire/IMG_8811.JPG,wildfire_8811
wildfire/IMG_8812.JPG,wildfire_8812
wildfire/IMG_8817.JPG,wildfire_8817
wildfire/IMG_8818.JPG,wildfire_8818
wildfire/IMG_8819.JPG,wildfire_8819
wildfire/IMG_8822.JPG,wildfire_8822
wildfire/IMG_8947.JPG,wildfire_8947
wildfire/IMG_8977.JPG,wildfire_8977
wildfire/IMG_9008.JPG,wildfire_9008
wildfire/IMG_9025.JPG,wildfire_9025
wildfire/IMG_9070.JPG,wildfire_9070
wildfire/IMG_9202.JPG,wildfire_9202
wildfire/IMG_9344.JPG,wildfire_9344
wildfire/IMG_9345.JPG,wildfire_9345
wildfire/IMG_9348.JPG,wildfire_9348
wildfire/IMG_9353.JPG,wildfire_9353
wildfire/IMG_9360.JPG,wildfire_9360
wildfire/IMG_9362.JPG,wildfire_9362
wildfire/IMG_9363.JPG,wildfire_9363
wildfire/IMG_9367.JPG,wildfire_9367
wildfire/IMG_9370.JPG,wildfire_9370
wildfire/IMG_9371.JPG,wildfire_9371
wildfire/IMG_9377.JPG,wildfire_9377
wildfire/IMG_9396.JPG,wildfire_9396
wildfire/IMG_9412.JPG,wildfire_9412
wildfire/IMG_9428.JPG,wildfire_9428
wildfire/IMG_9432.JPG,wildfire_9432
wildfire/IMG_9440.JPG,wildfire_9440
wildfire/IMG_9441.JPG,wildfire_9441
wildfire/IMG_9451.JPG,wildfire_9451
wildfire/IMG_9455.JPG,wildfire_9455
wildfire/IMG_9458.JPG,wildfire_9458
wildfire/IMG_9460.JPG,wildfire_9460
wildfire/IMG_9465.JPG,wildfire_9465
wildfire/IMG_9493.JPG,wildfire_9493
wildfire/IMG_9756.JPG,wildfire_9756
wildfire/IMG_9965.JPG,wildfire_9965
tswv/IMG20210719155116.jpg,tswv_20210719155116
tswv/IMG20210719155124.jpg,tswv_20210719155124
tswv/IMG20210719155137.jpg,tswv_20210719155137
tswv/IMG_0925.JPG,tswv_0925
tswv/IMG_1067.JPG,tswv_1067
tswv/IMG_8682.JPG,tswv_8682
tswv/IMG_8689.JPG,tswv_8689
tswv/IMG_8690 - 副本.JPG,tswv_8690
tswv/IMG_8690.JPG,tswv_8690
weather_fleck/IMG_0006.JPG,weather_fleck_0006
weather_fleck/IMG_0008.JPG,weather_fleck_0008
weather_fleck/IMG_0009.JPG,weather_fleck_0009
weather_fleck/IMG_0030.JPG,weather_fleck_0030
weather_fleck/IMG_0033.JPG,weather_fleck_0033
weather_fleck/IMG_0051.JPG,weather_fleck_0051
weather_fleck/IMG_0053.JPG,weather_fleck_0053
weather_fleck/IMG_0059.JPG,weather_fleck_0059
weather_fleck/IMG_0082.JPG,weather_fleck_0082
weather_fleck/IMG_0083.JPG,weather_fleck_0083
weather_fleck/IMG_0084.JPG,weather_fleck_0084
weather_fleck/IMG_0123.JPG,weather_fleck_0123
weather_fleck/IMG_0140.JPG,weather_fleck_0140
weather_fleck/IMG_0151.JPG,weather_fleck_0151
weather_fleck/IMG_0175.JPG,weather_fleck_0175
weather_fleck/IMG_0176.JPG,weather_fleck_0176
weather_fleck/IMG_0593.JPG,weather_fleck_0593
weather_fleck/IMG_1017.JPG,weather_fleck_1017
weather_fleck/IMG_1706.JPG,weather_fleck_1706
weather_fleck/IMG_1719.JPG,weather_fleck_1719
weather_fleck/IMG_1720.JPG,weather_fleck_1720
weather_fleck/IMG_8936.JPG,weather_fleck_8936
weather_fleck/IMG_9158.JPG,weather_fleck_9158
weather_fleck/IMG_9180.JPG,weather_fleck_9180
weather_fleck/IMG_9259.JPG,weather_fleck_9259
weather_fleck/IMG_9611.JPG,weather_fleck_9611
weather_fleck/IMG_9612.JPG,weather_fleck_9612
weather_fleck/IMG_9624.JPG,weather_fleck_9624
weather_fleck/IMG_9631.JPG,weather_fleck_9631
weather_fleck/IMG_9635.JPG,weather_fleck_9635
weather_fleck/IMG_9638.JPG,weather_fleck_9638
weather_fleck/IMG_9643.JPG,weather_fleck_9643
weather_fleck/IMG_9669.JPG,weather_fleck_9669
weather_fleck/IMG_9736.JPG,weather_fleck_9736
weather_fleck/IMG_9780.JPG,weather_fleck_9780
weather_fleck/IMG_9801.JPG,weather_fleck_9801
weather_fleck/IMG_9802.JPG,weather_fleck_9802
weather_fleck/IMG_9818.JPG,weather_fleck_9818
weather_fleck/IMG_9823.JPG,weather_fleck_9823
weather_fleck/IMG_9825.JPG,weather_fleck_9825
weather_fleck/IMG_9827.JPG,weather_fleck_9827
weather_fleck/IMG_9829.JPG,weather_fleck_9829
weather_fleck/IMG_9845.JPG,weather_fleck_9845
weather_fleck/IMG_9846.JPG,weather_fleck_9846
weather_fleck/IMG_9847.JPG,weather_fleck_9847
weather_fleck/IMG_9854.JPG,weather_fleck_9854
weather_fleck/IMG_9864.JPG,weather_fleck_9864
weather_fleck/IMG_9865.JPG,weather_fleck_9865
weather_fleck/IMG_9873.JPG,weather_fleck_9873
weather_fleck/IMG_9882.JPG,weather_fleck_9882
weather_fleck/IMG_9883.JPG,weather_fleck_9883
weather_fleck/IMG_9884.JPG,weather_fleck_9884
weather_fleck/IMG_9886.JPG,weather_fleck_9886
weather_fleck/IMG_9887.JPG,weather_fleck_9887
weather_fleck/IMG_9944.JPG,weather_fleck_9944
weather_fleck/IMG_9949.JPG,weather_fleck_9949
weather_fleck/IMG_9973.JPG,weather_fleck_9973
weather_fleck/IMG_9982.JPG,weather_fleck_9982
weather_fleck/IMG_9994.JPG,weather_fleck_9994
sunscald/IMG_0043.JPG,sunscald_0043
sunscald/IMG_0271.JPG,sunscald_0271
sunscald/IMG_0312.JPG,sunscald_0312
sunscald/IMG_0690.JPG,sunscald_0690
sunscald/IMG_1219.JPG,sunscald_1219
sunscald/IMG_1235.JPG,sunscald_1235
sunscald/IMG_1258.JPG,sunscald_1258
sunscald/IMG_1263.JPG,sunscald_1263
sunscald/IMG_1274.JPG,sunscald_1274
sunscald/IMG_5002.JPG,sunscald_5002
sunscald/IMG_5003.JPG,sunscald_5003
sunscald/IMG_5004.JPG,sunscald_5004
sunscald/IMG_5006.JPG,sunscald_5006
sunscald/IMG_5007.JPG,sunscald_5007
sunscald/IMG_5009.JPG,sunscald_5009
sunscald/IMG_5011.JPG,sunscald_5011
sunscald/IMG_5012.JPG,sunscald_5012
sunscald/IMG_5014.JPG,sunscald_5014
sunscald/IMG_5016.JPG,sunscald_5016
sunscald/IMG_5019.JPG,sunscald_5019
sunscald/IMG_5021.JPG,sunscald_5021
sunscald/IMG_5023.JPG,sunscald_5023
sunscald/IMG_5024.JPG,sunscald_5024
sunscald/IMG_5025.JPG,sunscald_5025
sunscald/IMG_5029.JPG,sunscald_5029
sunscald/IMG_5030.JPG,sunscald_5030
sunscald/IMG_5221.JPG,sunscald_5221
sunscald/IMG_5920.JPG,sunscald_5920
sunscald/IMG_5931.JPG,sunscald_5931
sunscald/IMG_5934.JPG,sunscald_5934
sunscald/IMG_5935.JPG,sunscald_5935
sunscald/IMG_5940.JPG,sunscald_5940
sunscald/IMG_5949.JPG,sunscald_5949
sunscald/IMG_5955.JPG,sunscald_5955
sunscald/IMG_5963.JPG,sunscald_5963
sunscald/IMG_5964.JPG,sunscald_5964
sunscald/IMG_5968.JPG,sunscald_5968
sunscald/IMG_5970.JPG,sunscald_5970
sunscald/IMG_5973.JPG,sunscald_5973
sunscald/IMG_5974.JPG,sunscald_5974
sunscald/IMG_5975.JPG,sunscald_5975
sunscald/IMG_5981.JPG,sunscald_5981
sunscald/IMG_5986.JPG,sunscald_5986
sunscald/IMG_5987.JPG,sunscald_5987
sunscald/IMG_5988.JPG,sunscald_5988
sunscald/IMG_5989.JPG,sunscald_5989
sunscald/IMG_5990.JPG,sunscald_5990
sunscald/IMG_5991.JPG,sunscald_5991
sunscald/IMG_5993.JPG,sunscald_5993
sunscald/IMG_5994.JPG,sunscald_5994
sunscald/IMG_5995.JPG,sunscald_5995
sunscald/IMG_5999.JPG,sunscald_5999
sunscald/IMG_8827.JPG,sunscald_8827
sunscald/IMG_8829.JPG,sunscald_8829
sunscald/IMG_8830.JPG,sunscald_8830
sunscald/IMG_8837.JPG,sunscald_8837
sunscald/IMG_8840.JPG,sunscald_8840
sunscald/IMG_8841.JPG,sunscald_8841
sunscald/IMG_8849.JPG,sunscald_8849
sunscald/IMG_8852.JPG,sunscald_8852
sunscald/IMG_8855.JPG,sunscald_8855
sunscald/IMG_8856.JPG,sunscald_8856
sunscald/IMG_8867.JPG,sunscald_8867
sunscald/IMG_8871.JPG,sunscald_8871
sunscald/IMG_8875.JPG,sunscald_8875
sunscald/IMG_9933.JPG,sunscald_9933
sunscald/IMG_9962.JPG,sunscald_9962
sunscald/IMG_9984.JPG,sunscald_9984
genetic_abnormality/IMG_8209.JPG,genetic_abnormality_8209
genetic_abnormality/IMG_8210.JPG,genetic_abnormality_8210
genetic_abnormality/IMG_8211.JPG,genetic_abnormality_8211
genetic_abnormality/IMG_8212.JPG,genetic_abnormality_8212
genetic_abnormality/IMG_8213.JPG,genetic_abnormality_8213
genetic_abnormality/IMG_8214.JPG,genetic_abnormality_8214
genetic_abnormality/IMG_8215.JPG,genetic_abnormality_8215
genetic_abnormality/IMG_8216.JPG,genetic_abnormality_8216
genetic_abnormality/IMG_8217.JPG,genetic_abnormality_8217
potato_tuber_moth/IMG_0455.JPG,potato_tuber_moth_0455
potato_tuber_moth/IMG_0456.JPG,potato_tuber_moth_0456
potato_tuber_moth/IMG_0457.JPG,potato_tuber_moth_0457
potato_tuber_moth/IMG_0460.JPG,potato_tuber_moth_0460
potato_tuber_moth/IMG_0462.JPG,potato_tuber_moth_0462
potato_tuber_moth/IMG_0463.JPG,potato_tuber_moth_0463
potato_tuber_moth/IMG_0464.JPG,potato_tuber_moth_0464
potato_tuber_moth/IMG_0469.JPG,potato_tuber_moth_0469
potato_tuber_moth/IMG_0470.JPG,potato_tuber_moth_0470
potato_tuber_moth/IMG_0473.JPG,potato_tuber_moth_0473
potato_tuber_moth/IMG_0478.JPG,potato_tuber_moth_0478
potato_tuber_moth/IMG_0480.JPG,potato_tuber_moth_0480
potato_tuber_moth/IMG_0483.JPG,potato_tuber_moth_0483
potato_tuber_moth/IMG_0484.JPG,potato_tuber_moth_0484
potato_tuber_moth/IMG_0485.JPG,potato_tuber_moth_0485
potato_tuber_moth/IMG_0486.JPG,potato_tuber_moth_0486
potato_tuber_moth/IMG_0491.JPG,potato_tuber_moth_0491
potato_tuber_moth/IMG_0495.JPG,potato_tuber_moth_0495
potato_tuber_moth/IMG_0499.JPG,potato_tuber_moth_0499
potato_tuber_moth/IMG_0507.JPG,potato_tuber_moth_0507
potato_tuber_moth/IMG_0508.JPG,potato_tuber_moth_0508
potato_tuber_moth/IMG_0510.JPG,potato_tuber_moth_0510
potato_tuber_moth/IMG_0511.JPG,potato_tuber_moth_0511
potato_tuber_moth/IMG_0514.JPG,potato_tuber_moth_0514
potato_tuber_moth/IMG_0515.JPG,potato_tuber_moth_0515
potato_tuber_moth/IMG_0517.JPG,potato_tuber_moth_0517
potato_tuber_moth/IMG_0520.JPG,potato_tuber_moth_0520
potato_tuber_moth/IMG_0525.JPG,potato_tuber_moth_0525
potato_tuber_moth/IMG_0526.JPG,potato_tuber_moth_0526
potato_tuber_moth/IMG_0529.JPG,potato_tuber_moth_0529
potato_tuber_moth/IMG_0530.JPG,potato_tuber_moth_0530
potato_tuber_moth/IMG_0531.JPG,potato_tuber_moth_0531
potato_tuber_moth/IMG_0532.JPG,potato_tuber_moth_0532
potato_tuber_moth/IMG_0533.JPG,potato_tuber_moth_0533
potato_tuber_moth/IMG_0538.JPG,potato_tuber_moth_0538
potato_tuber_moth/IMG_0541.JPG,potato_tuber_moth_0541
potato_tuber_moth/IMG_0563.JPG,potato_tuber_moth_0563
potato_tuber_moth/IMG_0564.JPG,potato_tuber_moth_0564
potato_tuber_moth/IMG_0565.JPG,potato_tuber_moth_0565
potato_tuber_moth/IMG_0567.JPG,potato_tuber_moth_0567
potato_tuber_moth/IMG_0570.JPG,potato_tuber_moth_0570
potato_tuber_moth/IMG_0588.JPG,potato_tuber_moth_0588
potato_tuber_moth/IMG_0710.JPG,potato_tuber_moth_0710
potato_tuber_moth/IMG_0712.JPG,potato_tuber_moth_0712
potato_tuber_moth/IMG_0714.JPG,potato_tuber_moth_0714
potato_tuber_moth/IMG_1072.JPG,potato_tuber_moth_1072
potato_tuber_moth/IMG_1081.JPG,potato_tuber_moth_1081
potato_tuber_moth/IMG_1083.JPG,potato_tuber_moth_1083
potato_tuber_moth/IMG_1091.JPG,potato_tuber_moth_1091
potato_tuber_moth/IMG_1624.JPG,potato_tuber_moth_1624
nematodes/IMG_0773.JPG,nematodes_0773
nematodes/IMG_0775.JPG,nematodes_0775
nematodes/IMG_0778.JPG,nematodes_0778
nematodes/IMG_0779.JPG,nematodes_0779
nematodes/IMG_0780.JPG,nematodes_0780
nematodes/IMG_0783.JPG,nematodes_0783
nematodes/IMG_0784.JPG,nematodes_0784
nematodes/IMG_0786.JPG,nematodes_0786
nematodes/IMG_0787.JPG,nematodes_0787
nematodes/IMG_0788.JPG,nematodes_0788
nematodes/IMG_0789.JPG,nematodes_0789
nematodes/IMG_0790.JPG,nematodes_0790
nematodes/IMG_0793.JPG,nematodes_0793
nematodes/IMG_0794.JPG,nematodes_0794
nematodes/IMG_0795.JPG,nematodes_0795
nematodes/IMG_0796.JPG,nematodes_0796
nematodes/IMG_0800.JPG,nematodes_0800
nematodes/IMG_0802.JPG,nematodes_0802
nematodes/IMG_0803.JPG,nematodes_0803
nematodes/IMG_0804.JPG,nematodes_0804
nematodes/IMG_0805.JPG,nematodes_0805
nematodes/IMG_0806.JPG,nematodes_0806
nematodes/IMG_0807.JPG,nematodes_0807
nematodes/IMG_0808.JPG,nematodes_0808
nematodes/IMG_0809.JPG,nematodes_0809
nematodes/IMG_0812.JPG,nematodes_0812
nematodes/IMG_0813.JPG,nematodes_0813
nematodes/IMG_1339.JPG,nematodes_1339
nematodes/IMG_1340.JPG,nematodes_1340
nematodes/IMG_1703.JPG,nematodes_1703
nematodes/IMG_1704.JPG,nematodes_1704
nematodes/IMG_1707.JPG,nematodes_1707
nematodes/IMG_1708.JPG,nematodes_1708
nematodes/IMG_1709.JPG,nematodes_1709
nematodes/IMG_1722.JPG,nematodes_1722
nematodes/IMG_1723.JPG,nematodes_1723
nematodes/IMG_1774.JPG,nematodes_1774
nematodes/IMG_5928.JPG,nematodes_5928
nematodes/IMG_9595.JPG,nematodes_9595
nematodes/IMG_9598.JPG,nematodes_9598
nematodes/IMG_9718.JPG,nematodes_9718
healthy/IMG_0349.JPG,healthy_0349
healthy/IMG_0353.JPG,healthy_0353
healthy/IMG_0354.JPG,healthy_0354
healthy/IMG_0355.JPG,healthy_0355
healthy/IMG_0356.JPG,healthy_0356
healthy/IMG_0357.JPG,healthy_0357
healthy/IMG_0359.JPG,healthy_0359
healthy/IMG_0360.JPG,healthy_0360
healthy/IMG_0363.JPG,healthy_0363
healthy/IMG_0374.JPG,healthy_0374
healthy/IMG_0375.JPG,healthy_0375
healthy/IMG_0376.JPG,healthy_0376
healthy/IMG_0377.JPG,healthy_0377
healthy/IMG_0381.JPG,healthy_0381
healthy/IMG_0382.JPG,healthy_0382
healthy/IMG_0383.JPG,healthy_0383
healthy/IMG_0384.JPG,healthy_0384
healthy/IMG_0385.JPG,healthy_0385
healthy/IMG_0410.JPG,healthy_0410
healthy/IMG_0412.JPG,healthy_0412
healthy/IMG_0414.JPG,healthy_0414
healthy/IMG_0415.JPG,healthy_0415
healthy/IMG_0542.JPG,healthy_0542
healthy/IMG_0543.JPG,healthy_0543
healthy/IMG_0545.JPG,healthy_0545
healthy/IMG_0548.JPG,healthy_0548
healthy/IMG_0549.JPG,healthy_0549
healthy/IMG_0562.JPG,healthy_0562
healthy/IMG_0574.JPG,healthy_0574
healthy/IMG_0646.JPG,healthy_0646
healthy/IMG_0713.JPG,healthy_0713
healthy/IMG_0760.JPG,healthy_0760
healthy/IMG_0765.JPG,healthy_0765
healthy/IMG_0767.JPG,healthy_0767
healthy/IMG_0905.JPG,healthy_0905
healthy/IMG_1158.JPG,healthy_1158
healthy/IMG_1248.JPG,healthy_1248
healthy/IMG_1250.JPG,healthy_1250
healthy/IMG_1252.JPG,healthy_1252
healthy/IMG_1253.JPG,healthy_1253
healthy/IMG_1255.JPG,healthy_1255
healthy/IMG_1414.JPG,healthy_1414
healthy/IMG_1415.JPG,healthy_1415
healthy/IMG_1416.JPG,healthy_1416
healthy/IMG_1439.JPG,healthy_1439
healthy/IMG_1441.JPG,healthy_1441
healthy/IMG_1453.JPG,healthy_1453
healthy/IMG_1566.JPG,healthy_1566
healthy/IMG_1567.JPG,healthy_1567
healthy/IMG_1592.JPG,healthy_1592
brown_spot/IMG_0155.JPG,brown_spot_0155
brown_spot/IMG_0236.JPG,brown_spot_0236
brown_spot/IMG_0237.JPG,brown_spot_0237
brown_spot/IMG_0242.JPG,brown_spot_0242
brown_spot/IMG_0258.JPG,brown_spot_0258
brown_spot/IMG_0267.JPG,brown_spot_0267
brown_spot/IMG_0659.JPG,brown_spot_0659
brown_spot/IMG_0666.JPG,brown_spot_0666
brown_spot/IMG_0681.JPG,brown_spot_0681
brown_spot/IMG_0831.JPG,brown_spot_0831
brown_spot/IMG_0868.JPG,brown_spot_0868
brown_spot/IMG_0879.JPG,brown_spot_0879
brown_spot/IMG_0914.JPG,brown_spot_0914
brown_spot/IMG_0946.JPG,brown_spot_0946
brown_spot/IMG_0947.JPG,brown_spot_0947
brown_spot/IMG_0959.JPG,brown_spot_0959
brown_spot/IMG_0960.JPG,brown_spot_0960
brown_spot/IMG_0972.JPG,brown_spot_0972
brown_spot/IMG_0983.JPG,brown_spot_0983
brown_spot/IMG_0989.JPG,brown_spot_0989
brown_spot/IMG_0992.JPG,brown_spot_0992
brown_spot/IMG_0996.JPG,brown_spot_0996
brown_spot/IMG_1033.JPG,brown_spot_1033
brown_spot/IMG_1062.JPG,brown_spot_1062
brown_spot/IMG_1092.JPG,brown_spot_1092
brown_spot/IMG_1144.JPG,brown_spot_1144
brown_spot/IMG_1150.JPG,brown_spot_1150
brown_spot/IMG_1211.JPG,brown_spot_1211
brown_spot/IMG_1239.JPG,brown_spot_1239
brown_spot/IMG_1264.JPG,brown_spot_1264
brown_spot/IMG_1395.JPG,brown_spot_1395
brown_spot/IMG_1464.JPG,brown_spot_1464
brown_spot/IMG_1500.JPG,brown_spot_1500
brown_spot/IMG_1541.JPG,brown_spot_1541
brown_spot/IMG_1549.JPG,brown_spot_1549
brown_spot/IMG_1550.JPG,brown_spot_1550
brown_spot/IMG_1579.JPG,brown_spot_1579
brown_spot/IMG_1585.JPG,brown_spot_1585
brown_spot/IMG_1594.JPG,brown_spot_1594
brown_spot/IMG_1602.JPG,brown_spot_1602
brown_spot/IMG_1804.JPG,brown_spot_1804
brown_spot/IMG_1807.JPG,brown_spot_1807
brown_spot/IMG_1817.JPG,brown_spot_1817
brown_spot/IMG_8191.JPG,brown_spot_8191
brown_spot/IMG_8540.JPG,brown_spot_8540
brown_spot/IMG_8551.JPG,brown_spot_8551
brown_spot/IMG_8727.JPG,brown_spot_8727
brown_spot/IMG_8756.JPG,brown_spot_8756
brown_spot/IMG_8795.JPG,brown_spot_8795
brown_spot/IMG_9921.JPG,brown_spot_9921
frog_eye/IMG_0055.JPG,frog_eye_0055
frog_eye/IMG_0056.JPG,frog_eye_0056
frog_eye/IMG_0076.JPG,frog_eye_0076
frog_eye/IMG_0191.JPG,frog_eye_0191
frog_eye/IMG_0210.JPG,frog_eye_0210
frog_eye/IMG_0255.JPG,frog_eye_0255
frog_eye/IMG_0262.JPG,frog_eye_0262
frog_eye/IMG_0263.JPG,frog_eye_0263
frog_eye/IMG_0272.JPG,frog_eye_0272
frog_eye/IMG_0275.JPG,frog_eye_0275
frog_eye/IMG_0277.JPG,frog_eye_0277
frog_eye/IMG_0557.JPG,frog_eye_0557
frog_eye/IMG_0600.JPG,frog_eye_0600
frog_eye/IMG_0614.JPG,frog_eye_0614
frog_eye/IMG_0621.JPG,frog_eye_0621
frog_eye/IMG_0650.JPG,frog_eye_0650
frog_eye/IMG_0669.JPG,frog_eye_0669
frog_eye/IMG_0670.JPG,frog_eye_0670
frog_eye/IMG_0716.JPG,frog_eye_0716
frog_eye/IMG_1259.JPG,frog_eye_1259
frog_eye/IMG_1393.JPG,frog_eye_1393
frog_eye/IMG_1479.JPG,frog_eye_1479
frog_eye/IMG_1662.JPG,frog_eye_1662
frog_eye/IMG_1688.JPG,frog_eye_1688
frog_eye/IMG_1731.JPG,frog_eye_1731
frog_eye/IMG_1738.JPG,frog_eye_1738
frog_eye/IMG_1741.JPG,frog_eye_1741
frog_eye/IMG_1748.JPG,frog_eye_1748
frog_eye/IMG_8116.JPG,frog_eye_8116
frog_eye/IMG_8117.JPG,frog_eye_8117
frog_eye/IMG_8119.JPG,frog_eye_8119
frog_eye/IMG_8244.JPG,frog_eye_8244
frog_eye/IMG_8275.JPG,frog_eye_8275
frog_eye/IMG_8285.JPG,frog_eye_8285
frog_eye/IMG_8296.JPG,frog_eye_8296
frog_eye/IMG_8297.JPG,frog_eye_8297
frog_eye/IMG_8315.JPG,frog_eye_8315
frog_eye/IMG_8333.JPG,frog_eye_8333
frog_eye/IMG_8352.JPG,frog_eye_8352
frog_eye/IMG_8391.JPG,frog_eye_8391
frog_eye/IMG_8441.JPG,frog_eye_8441
frog_eye/IMG_8505.JPG,frog_eye_8505
frog_eye/IMG_8986.JPG,frog_eye_8986
frog_eye/IMG_8987.JPG,frog_eye_8987
frog_eye/IMG_9010.JPG,frog_eye_9010
frog_eye/IMG_9071.JPG,frog_eye_9071
frog_eye/IMG_9099.JPG,frog_eye_9099
frog_eye/IMG_9279.JPG,frog_eye_9279
frog_eye/IMG_9280.JPG,frog_eye_9280
frog_eye/IMG_9856.JPG,frog_eye_9856
anthracnose/IMG_0139.JPG,anthracnose_0139
anthracnose/IMG_1124.JPG,anthracnose_1124
anthracnose/IMG_1658.JPG,anthracnose_1658
anthracnose/IMG_8958.JPG,anthracnose_8958
anthracnose/IMG_9136.JPG,anthracnose_9136
anthracnose/IMG_9137.JPG,anthracnose_9137
anthracnose/IMG_9164.JPG,anthracnose_9164
anthracnose/IMG_9771.JPG,anthracnose_9771
target_spot/IMG_0269.JPG,target_spot_0269
target_spot/IMG_0720.JPG,target_spot_0720
target_spot/IMG_0817.JPG,target_spot_0817
target_spot/IMG_0838.JPG,target_spot_0838
target_spot/IMG_0843.JPG,target_spot_0843
target_spot/IMG_0856.JPG,target_spot_0856
target_spot/IMG_0860.JPG,target_spot_0860
target_spot/IMG_0872.JPG,target_spot_0872
target_spot/IMG_0962.JPG,target_spot_0962
target_spot/IMG_0966.JPG,target_spot_0966
target_spot/IMG_1105.JPG,target_spot_1105
target_spot/IMG_1206.JPG,target_spot_1206
target_spot/IMG_1223.JPG,target_spot_1223
target_spot/IMG_1224.JPG,target_spot_1224
target_spot/IMG_1236.JPG,target_spot_1236
target_spot/IMG_1247.JPG,target_spot_1247
target_spot/IMG_1257.JPG,target_spot_1257
target_spot/IMG_1268.JPG,target_spot_1268
target_spot/IMG_1276.JPG,target_spot_1276
target_spot/IMG_1336.JPG,target_spot_1336
target_spot/IMG_1352.JPG,target_spot_1352
target_spot/IMG_1398.JPG,target_spot_1398
target_spot/IMG_1447.JPG,target_spot_1447
target_spot/IMG_1458.JPG,target_spot_1458
target_spot/IMG_1475.JPG,target_spot_1475
target_spot/IMG_1483.JPG,target_spot_1483
target_spot/IMG_1484.JPG,target_spot_1484
target_spot/IMG_1487.JPG,target_spot_1487
target_spot/IMG_1491.JPG,target_spot_1491
target_spot/IMG_1505.JPG,target_spot_1505
target_spot/IMG_1508.JPG,target_spot_1508
target_spot/IMG_1515.JPG,target_spot_1515
target_spot/IMG_1519.JPG,target_spot_1519
target_spot/IMG_1559.JPG,target_spot_1559
target_spot/IMG_1562.JPG,target_spot_1562
target_spot/IMG_1618.JPG,target_spot_1618
target_spot/IMG_1676.JPG,target_spot_1676
target_spot/IMG_1798.JPG,target_spot_1798
target_spot/IMG_1818.JPG,target_spot_1818
target_spot/IMG_1825.JPG,target_spot_1825
target_spot/IMG_8332.JPG,target_spot_8332
target_spot/IMG_8388.JPG,target_spot_8388
target_spot/IMG_8411.JPG,target_spot_8411
target_spot/IMG_8412.JPG,target_spot_8412
target_spot/IMG_8476.JPG,target_spot_8476
target_spot/IMG_8500.JPG,target_spot_8500
target_spot/IMG_8501.JPG,target_spot_8501
target_spot/IMG_8558.JPG,target_spot_8558
target_spot/IMG_8562.JPG,target_spot_8562
target_spot/IMG_8770.JPG,target_spot_8770
black_shank/IMG_2222.JPG,black_shank_2222
black_shank/IMG_2223.JPG,black_shank_2223
black_shank/IMG_2224.JPG,black_shank_2224
black_shank/IMG_2238.JPG,black_shank_2238
black_shank/IMG_5919 - 副本 (2).JPG,black_shank_5919
black_shank/IMG_5919 - 副本.JPG,black_shank_5919
black_shank/IMG_5919.JPG,black_shank_5919
black_shank/IMG_5921.JPG,black_shank_5921
black_shank/IMG_8407.JPG,black_shank_8407
black_shank/IMG_9920.JPG,black_shank_9920
black_shank/IMG_9927.JPG,black_shank_9927
tmv/IMG20210719155120.jpg,tmv_20210719155120
tmv/IMG20210731112924.jpg,tmv_20210731112924
tmv/IMG20210731112959.jpg,tmv_20210731112959
tmv/IMG_0373.JPG,tmv_0373
tmv/IMG_0378.JPG,tmv_0378
tmv/IMG_1596.JPG,tmv_1596
tmv/IMG_1612.JPG,tmv_1612
tmv/IMG_1624.JPG,tmv_1624
tmv/IMG_1634.JPG,tmv_1634
tmv/IMG_20210729_152332.jpg,tmv_20210729
tmv/IMG_20210729_152826.jpg,tmv_20210729
tmv/IMG_2216.JPG,tmv_2216
tmv/IMG_2235.JPG,tmv_2235
tmv/IMG_2236.JPG,tmv_2236
tmv/IMG_2249.JPG,tmv_2249
tmv/IMG_6031.JPG,tmv_6031
tmv/IMG_6319.JPG,tmv_6319
tmv/IMG_6445.JPG,tmv_6445
tmv/IMG_6455.JPG,tmv_6455
tmv/IMG_6475.JPG,tmv_6475
tmv/IMG_6508.JPG,tmv_6508
tmv/IMG_6518.JPG,tmv_6518
tmv/IMG_6710.JPG,tmv_6710
tmv/IMG_6729.JPG,tmv_6729
tmv/IMG_6813.JPG,tmv_6813
tmv/IMG_6843.JPG,tmv_6843
tmv/IMG_6863.JPG,tmv_6863
tmv/IMG_6873.JPG,tmv_6873
tmv/IMG_6952.JPG,tmv_6952
tmv/IMG_6953.JPG,tmv_6953
tmv/IMG_6954.JPG,tmv_6954
tmv/IMG_6955.JPG,tmv_6955
tmv/IMG_6956.JPG,tmv_6956
tmv/IMG_6961.JPG,tmv_6961
tmv/IMG_7028.JPG,tmv_7028
tmv/IMG_7043.JPG,tmv_7043
tmv/IMG_7044.JPG,tmv_7044
tmv/IMG_7065.JPG,tmv_7065
tmv/IMG_7078.JPG,tmv_7078
tmv/IMG_7091.JPG,tmv_7091
tmv/IMG_7094.JPG,tmv_7094
tmv/IMG_7095.JPG,tmv_7095
tmv/IMG_7096.JPG,tmv_7096
tmv/IMG_7133.JPG,tmv_7133
tmv/IMG_7134.JPG,tmv_7134
tmv/IMG_7135.JPG,tmv_7135
tmv/IMG_7255.JPG,tmv_7255
tmv/IMG_7256.JPG,tmv_7256
tmv/IMG_7323.JPG,tmv_7323
tmv/IMG_7346.JPG,tmv_7346
tmv/IMG_7348.JPG,tmv_7348
tmv/IMG_7351.JPG,tmv_7351
tmv/IMG_7352.JPG,tmv_7352
tmv/IMG_7353.JPG,tmv_7353
tmv/IMG_7355.JPG,tmv_7355
tmv/IMG_7356.JPG,tmv_7356
tmv/IMG_7357.JPG,tmv_7357
tmv/IMG_7360.JPG,tmv_7360
tmv/IMG_7641.JPG,tmv_7641
tmv/IMG_7702.JPG,tmv_7702
tmv/IMG_7892.JPG,tmv_7892
tmv/IMG_7904.JPG,tmv_7904
tmv/IMG_8098.JPG,tmv_8098
tmv/IMG_9016.JPG,tmv_9016
tmv/IMG_9037.JPG,tmv_9037
tmv/IMG_9261.JPG,tmv_9261
cmv/IMG_0148.JPG,cmv_0148
cmv/IMG_0152.JPG,cmv_0152
cmv/IMG_0153.JPG,cmv_0153
cmv/IMG_0169.JPG,cmv_0169
cmv/IMG_0265.JPG,cmv_0265
cmv/IMG_0429.JPG,cmv_0429
cmv/IMG_0534.JPG,cmv_0534
cmv/IMG_0685.JPG,cmv_0685
cmv/IMG_0697.JPG,cmv_0697
cmv/IMG_0774.JPG,cmv_0774
cmv/IMG_0889.JPG,cmv_0889
cmv/IMG_1069.JPG,cmv_1069
cmv/IMG_1141.JPG,cmv_1141
cmv/IMG_1153.JPG,cmv_1153
cmv/IMG_1208.JPG,cmv_1208
cmv/IMG_1300.JPG,cmv_1300
cmv/IMG_1427.JPG,cmv_1427
cmv/IMG_1432.JPG,cmv_1432
cmv/IMG_1433.JPG,cmv_1433
cmv/IMG_1435.JPG,cmv_1435
cmv/IMG_7833.JPG,cmv_7833
cmv/IMG_7878.JPG,cmv_7878
cmv/IMG_8268.JPG,cmv_8268
cmv/IMG_8271.JPG,cmv_8271
cmv/IMG_8294.JPG,cmv_8294
cmv/IMG_8630.JPG,cmv_8630
cmv/IMG_8637.JPG,cmv_8637
cmv/IMG_8642.JPG,cmv_8642
cmv/IMG_8644.JPG,cmv_8644
cmv/IMG_8647.JPG,cmv_8647
cmv/IMG_8648.JPG,cmv_8648
cmv/IMG_8659.JPG,cmv_8659
cmv/IMG_8663.JPG,cmv_8663
cmv/IMG_8670.JPG,cmv_8670
cmv/IMG_8887.JPG,cmv_8887
cmv/IMG_8892.JPG,cmv_8892
cmv/IMG_8919.JPG,cmv_8919
cmv/IMG_8920.JPG,cmv_8920
cmv/IMG_9078.JPG,cmv_9078
cmv/IMG_9130.JPG,cmv_9130
cmv/IMG_9135.JPG,cmv_9135
cmv/IMG_9144.JPG,cmv_9144
cmv/IMG_9189.JPG,cmv_9189
cmv/IMG_9191.JPG,cmv_9191
cmv/IMG_9301.JPG,cmv_9301
cmv/IMG_9305.JPG,cmv_9305
cmv/IMG_9312.JPG,cmv_9312
cmv/IMG_9658.JPG,cmv_9658
cmv/IMG_9691.JPG,cmv_9691
cmv/IMG_9692.JPG,cmv_9692
cmv/IMG_9716.JPG,cmv_9716
pvy/IMG_0113.JPG,pvy_0113
pvy/IMG_0178.JPG,pvy_0178
pvy/IMG_0182.JPG,pvy_0182
pvy/IMG_0193.JPG,pvy_0193
pvy/IMG_0393.JPG,pvy_0393
pvy/IMG_0394.JPG,pvy_0394
pvy/IMG_0431.JPG,pvy_0431
pvy/IMG_0770.JPG,pvy_0770
pvy/IMG_1171.JPG,pvy_1171
pvy/IMG_1241.JPG,pvy_1241
pvy/IMG_1408.JPG,pvy_1408
pvy/IMG_1420.JPG,pvy_1420
pvy/IMG_1430.JPG,pvy_1430
pvy/IMG_1603.JPG,pvy_1603
pvy/IMG_1761.JPG,pvy_1761
pvy/IMG_1776.JPG,pvy_1776
pvy/IMG_6454.JPG,pvy_6454
pvy/IMG_6593.JPG,pvy_6593
pvy/IMG_6779.JPG,pvy_6779
pvy/IMG_6811.JPG,pvy_6811
pvy/IMG_6840.JPG,pvy_6840
pvy/IMG_8194.JPG,pvy_8194
pvy/IMG_8195.JPG,pvy_8195
pvy/IMG_8657.JPG,pvy_8657
pvy/IMG_8884.JPG,pvy_8884
pvy/IMG_9093.JPG,pvy_9093
pvy/IMG_9094.JPG,pvy_9094
pvy/IMG_9101.JPG,pvy_9101
pvy/IMG_9181.JPG,pvy_9181
pvy/IMG_9183.JPG,pvy_9183
pvy/IMG_9534.JPG,pvy_9534
pvy/IMG_9577.JPG,pvy_9577
pvy/IMG_9583.JPG,pvy_9583
pvy/IMG_9706.JPG,pvy_9706
pvy/IMG_9750.JPG,pvy_9750
