id,model,status,method,input_height,input_width,parameters,validation_top1,validation_macro_f1,validation_top3,test_top1,test_macro_f1,test_top3,temperature,threshold,test_coverage,test_accepted_accuracy,artifact_format,artifact_bytes,desktop_median_ms,desktop_p95_ms,timing_device,peak_cuda_batch1_bytes,android_latency_ms,mobile_export_status,mobile_export_bytes,mobile_top1_agreement,mobile_desktop_median_ms,mobile_desktop_p95_ms,android_reference_device,source
ensemble,Ensemble: 2 MobileNetV3Small + MobileNetV3Large,historical_experimental,mean probabilities of 3 fine-tuned models,224,224,4908432,0.875,0.8178525232936997,1.0,0.8058252427184466,0.7658975545295205,0.9902912621359223,0.8421423931819505,0.74,0.7572815533980582,0.9230769230769231,3 TFLite float32,19499864,,,,,,historical_export,19499864,,,,,24389c34e3cf617eea367429bc2e57c90dbf2267
dinov2_vitb14_finetune,DINOv2 ViT-B/14 fine-tuning,finetune_completed,fine-tuning from linear probe; selected stage: finetune,224,224,85749520,0.9230769230769231,0.8068952922077922,0.9807692307692307,0.8349514563106796,0.7200562114184405,1.0,1.8385008131074163,0.46752527356147766,0.941747572815534,0.8762886597938144,selected training Safetensors checkpoint (local),343017224,37.11127749920706,37.16847494979447,NVIDIA GeForce GTX 1650,429726208,,completed,343165756,1.0,224.98857599930489,266.3507329507411,Samsung Galaxy A06,benchmark_artifacts/vision_finetune/dinov2_vitb14/
tinyvit_11m_finetune,TinyViT-11M fine-tuning,finetune_completed,fine-tuning from linear probe; selected stage: head_warmup,224,224,10555156,0.875,0.7785855263157895,0.9807692307692307,0.8058252427184466,0.7143972551141669,0.9611650485436893,0.6328435202755476,0.49231716990470886,0.9223300970873787,0.8631578947368421,selected training Safetensors checkpoint (local),42304928,5.60902749930392,6.608683449849195,NVIDIA GeForce GTX 1650,126424064,,completed,50215364,1.0,23.291397499633604,23.774664500342624,Samsung Galaxy A06,benchmark_artifacts/vision_finetune/tinyvit_11m/
m3s_low_dropout,"MobileNetV3Small, dropout 0,15",historical_candidate,transfer learning + fine-tuning,224,224,948352,0.8269230769230769,0.7784932306255835,0.9903846153846154,,,,,,,,Keras archive (includes optimizer state),10132854,,,,,,,,,,,,24389c34e3cf617eea367429bc2e57c90dbf2267
baseline_anterior,MobileNetV3Small integrado,integrated,transfer learning + fine-tuning,224,224,948352,0.8269230769230769,0.7750380440637793,1.0,0.7766990291262136,0.7157422438672438,0.970873786407767,1.0,0.7,0.7669902912621359,0.8987341772151899,TFLite float32,3768560,,,,,,integrated,3768560,,,,,artifacts/metrics.json; historical baseline parameter count
m3s_rmsprop,"MobileNetV3Small, RMSprop",historical_candidate,transfer learning + fine-tuning,224,224,948352,0.8269230769230769,0.7676849906629318,0.9903846153846154,,,,,,,,TFLite float32,3772472,1.291227999900002,,historical desktop CPU (TFLite); hardware not recorded,,,historical_export,3772472,,1.291227999900002,,,24389c34e3cf617eea367429bc2e57c90dbf2267
dinov2_vits14,DINOv2 ViT-S/14,historical_experimental,frozen backbone + linear probe (balanced),224,224,22068880,0.8846153846153846,0.7676460062770047,0.9903846153846154,0.8446601941747572,0.7496864002011061,0.970873786407767,1.2188140244963424,0.5738224628797678,0.9029126213592233,0.9032258064516129,PyTorch checkpoint + NumPy probe,88378258,15.122050001082243,15.45907999825431,GTX 1050 Ti (historical),,,,,,,,,benchmark_artifacts/dinov2/
m3s_no_weights,"MobileNetV3Small, sem pesos de classe",historical_candidate,transfer learning + fine-tuning,224,224,948352,0.8653846153846154,0.7670535635889738,0.9711538461538461,,,,,,,,Keras archive (includes optimizer state),8955761,,,,,,,,,,,,24389c34e3cf617eea367429bc2e57c90dbf2267
m3s_adam,"MobileNetV3Small, Adam",historical_candidate,transfer learning + fine-tuning,224,224,948352,0.8173076923076923,0.7651819488990541,0.9807692307692307,,,,,,,,Keras archive (includes optimizer state),8955752,,,,,,,,,,,,24389c34e3cf617eea367429bc2e57c90dbf2267
dinov2_vitb14,DINOv2 ViT-B/14,completed,frozen backbone + linear probe (unweighted),224,224,85749520,0.875,0.7623701859286225,0.9807692307692307,0.8737864077669902,0.7550531270200388,0.970873786407767,1.4049078531114076,0.45800608488516403,0.9029126213592233,0.9139784946236559,image-only Safetensors + NumPy probe (not mobile export),343106666,36.07251199991879,38.66146039972591,NVIDIA GeForce GTX 1650,361495552,,,,,,,,benchmark_artifacts/vision/dinov2_vitb14/
m3l_base,"MobileNetV3Large, base",historical_candidate,transfer learning + fine-tuning,224,224,3011728,0.8557692307692307,0.7592207611789654,0.9903846153846154,,,,,,,,TFLite float32,11958832,2.4475629998050863,,historical desktop CPU (TFLite); hardware not recorded,,,historical_export,11958832,,2.4475629998050863,,,24389c34e3cf617eea367429bc2e57c90dbf2267
tinyvit_11m,TinyViT-11M,completed,frozen backbone + linear probe (unweighted),224,224,10555156,0.8557692307692307,0.7566258394383394,0.9807692307692307,0.8349514563106796,0.7492288961038961,0.970873786407767,0.6781350246154343,0.5076105216693558,0.9611650485436893,0.8585858585858586,image-only Safetensors + NumPy probe (not mobile export),42329541,5.438178000076732,5.491288198936672,NVIDIA GeForce GTX 1650,73887232,,,,,,,,benchmark_artifacts/vision/tinyvit_11m/
m3s_base,"MobileNetV3Small, base",historical_candidate,transfer learning + fine-tuning,224,224,948352,0.7980769230769231,0.7491771708683473,1.0,,,,,,,,Keras archive (includes optimizer state),8955755,,,,,,,,,,,,24389c34e3cf617eea367429bc2e57c90dbf2267
m2_base,"MobileNetV2, base",historical_candidate,transfer learning + fine-tuning,224,224,2278480,0.8269230769230769,0.7462094267531574,0.9807692307692307,,,,,,,,Keras archive (includes optimizer state),23142488,,,,,,,,,,,,24389c34e3cf617eea367429bc2e57c90dbf2267
mobilenetv4_medium_finetune,MobileNetV4 Conv Medium fine-tuning,finetune_completed,fine-tuning from linear probe; selected stage: finetune,224,224,8455008,0.8365384615384616,0.7430080378546403,0.9807692307692307,0.7572815533980582,0.6219627240234825,0.9320388349514563,1.446287971846614,0.6085540056228638,0.7766990291262136,0.8625,selected training Safetensors checkpoint (local),34140848,2.7667354988807347,2.7807623491753475,NVIDIA GeForce GTX 1650,94405632,,,,,,,,benchmark_artifacts/vision_finetune/mobilenetv4_medium/
mobileclip2_s0_finetune,MobileCLIP2-S0 image encoder fine-tuning,finetune_completed,fine-tuning from linear probe; selected stage: finetune,256,256,11415184,0.8269230769230769,0.7376271876271876,0.9519230769230769,0.7961165048543689,0.6871755114629033,0.970873786407767,0.7101704186014282,0.5380547642707825,0.8058252427184466,0.891566265060241,selected training Safetensors checkpoint (local),45965288,8.101031500700628,8.3376225493339,NVIDIA GeForce GTX 1650,128188928,,,,,,,,benchmark_artifacts/vision_finetune/mobileclip2_s0/
effb0_strong,"EfficientNetB0, augmentation forte",historical_candidate,transfer learning + fine-tuning,224,224,4070067,0.8269230769230769,0.7253487579242224,0.9807692307692307,,,,,,,,Keras archive (includes optimizer state),38441006,,,,,,,,,,,,24389c34e3cf617eea367429bc2e57c90dbf2267
m3s_strong,"MobileNetV3Small, augmentation forte",historical_candidate,transfer learning + fine-tuning,224,224,948352,0.7596153846153846,0.7227737416036649,0.9807692307692307,,,,,,,,Keras archive (includes optimizer state),10132849,,,,,,,,,,,,24389c34e3cf617eea367429bc2e57c90dbf2267
m3l_strong,"MobileNetV3Large, augmentation forte",historical_candidate,transfer learning + fine-tuning,224,224,3011728,0.7788461538461539,0.7189333338230397,0.9807692307692307,,,,,,,,Keras archive (includes optimizer state),32570123,,,,,,,,,,,,24389c34e3cf617eea367429bc2e57c90dbf2267
effb0_base,"EfficientNetB0, base",historical_candidate,transfer learning + fine-tuning,224,224,4070067,0.7980769230769231,0.713001749282709,0.9711538461538461,,,,,,,,Keras archive (includes optimizer state),33541604,,,,,,,,,,,,24389c34e3cf617eea367429bc2e57c90dbf2267
tinyvit_5m_finetune,TinyViT-5M fine-tuning,finetune_completed,fine-tuning from linear probe; selected stage: finetune,224,224,5076900,0.875,0.7112927260218282,0.9615384615384616,0.8252427184466019,0.7970336954711955,0.970873786407767,1.0914191767616113,0.5494465827941895,0.883495145631068,0.8681318681318682,selected training Safetensors checkpoint (local),20379696,4.170479998720111,5.287252349626215,NVIDIA GeForce GTX 1650,77521920,,,,,,,,benchmark_artifacts/vision_finetune/tinyvit_5m/
mobilenetv4_medium,MobileNetV4 Conv Medium,completed,frozen backbone + linear probe (balanced),224,224,8455008,0.7884615384615384,0.7019688644688644,0.9519230769230769,0.7669902912621359,0.6752149135516275,0.9320388349514563,1.0545342008688765,0.6903069071496848,0.6699029126213593,0.9130434782608695,image-only Safetensors + NumPy probe (not mobile export),34212705,3.487502999632852,3.6348379503579054,NVIDIA GeForce GTX 1650,42322944,,,,,,,,benchmark_artifacts/vision/mobilenetv4_medium/
tinyvit_5m,TinyViT-5M,completed,frozen backbone + linear probe (unweighted),224,224,5076900,0.8557692307692307,0.6912288534908504,0.9615384615384616,0.8349514563106796,0.8040277624207577,0.9902912621359223,0.8153456239472117,0.5481963422870737,0.8737864077669902,0.8555555555555555,image-only Safetensors + NumPy probe (not mobile export),20396838,4.0970615000333055,5.077849999361206,NVIDIA GeForce GTX 1650,47554560,,,,,,,,benchmark_artifacts/vision/tinyvit_5m/
effv2b0_base,"EfficientNetV2B0, base",historical_candidate,transfer learning + fine-tuning,224,224,5939808,0.7692307692307693,0.6805666495900713,0.9423076923076923,,,,,,,,Keras archive (includes optimizer state),38044410,,,,,,,,,,,,24389c34e3cf617eea367429bc2e57c90dbf2267
nasnet_base,"NASNetMobile, base",historical_candidate,transfer learning + fine-tuning,224,224,4286628,0.6826923076923077,0.6514868097588686,0.9230769230769231,,,,,,,,Keras archive (includes optimizer state),25511096,,,,,,,,,,,,24389c34e3cf617eea367429bc2e57c90dbf2267
effv2b0_strong,"EfficientNetV2B0, augmentation forte",historical_candidate,transfer learning + fine-tuning,224,224,5939808,0.7115384615384616,0.645057230351348,0.9230769230769231,,,,,,,,Keras archive (includes optimizer state),43009308,,,,,,,,,,,,24389c34e3cf617eea367429bc2e57c90dbf2267
mobileclip2_s0,MobileCLIP2-S0 image encoder,completed,frozen backbone + linear probe (balanced),256,256,11365712,0.7307692307692307,0.6342787206128924,0.9519230769230769,0.7864077669902912,0.7920441422182908,0.9611650485436893,0.179819354519648,0.7018481657772111,0.5728155339805825,0.847457627118644,image-only Safetensors + NumPy probe (not mobile export),45572657,5.677132000528218,6.634522649437713,NVIDIA GeForce GTX 1650,64235520,,,,,,,,benchmark_artifacts/vision/mobileclip2_s0/
dinov3_vits16,DINOv3 ViT-S/16,access_restricted,,,,,,,,,,,,,,,,,,,,,,,,,,,,benchmark_artifacts/vision/dinov3_vits16/
